dataset,task,baseline,best,best_gain,best_view,best_strength,best_strength_rank,structure_view,segment,intra,trend,segment_inter,boundary,dynamics,source_reliability,source_compactness,source_separability,target_margin_ratio,target_assignment_entropy,temporal_mismatch_cv,temporal_mismatch_top20_ratio,uniform_k3_adjusted_compression,uniform_k5_adjusted_compression,uniform_k8_adjusted_compression,dynamics_delta_cosine_mean,suggested_view,suggested_strength_factor
HAR,12->16,0.5046,0.387125,-0.11747500000000005,segmented,medium_high,0.75,"compact_k8:3, compact_k3:1",segmented,,,,,,2.571127037683579,1.9379977955676542,4.982841102282206,0.2662433683872223,0.9707048100912906,0.054970026715802284,0.21846753358840942,0.082196505655682,0.10827876802076043,0.15248015480661806,0.028231238946318626,global,1.0014166326739842
HAR,2->11,0.675,0.755925,0.08092499999999991,segmented,medium,0.5,compact_k5:4,segmented,,,,,,4.435077434742272,1.1445778228734669,5.076295709609985,0.3991253674030304,0.8151224041452048,0.069587056072509,0.2213086485862732,0.07232930117133561,0.1355574343069408,0.1657501652594989,0.02427767589688301,global,1.2
HAR,6->23,0.6591,0.653675,-0.005425000000000013,dynamics,light,0.25,"dynamics_mse:2, intra_light_k5:1, dynamics_cosine:1",segmented,,,,,yes,3.7691090912849687,1.3887808687803223,5.234470367431641,0.28780749440193176,0.8641822158471766,0.09918644352764841,0.23406076431274414,0.132749184443488,0.13553905392151636,0.14007656856704923,0.0024307365529239178,global,1.0935515276898566
HAR,7->13,0.8828,0.901625,0.01882499999999998,segmented,medium,0.5,compact_k5:4,segmented,,,,,,3.2692580219345055,1.528279354891826,4.996342809995015,0.27296239137649536,0.9740781782167904,0.09136010494706373,0.23112079501152039,0.009201304808024375,0.06323587912672454,0.10720645566574173,0.042948950082063675,global,1.0336141444707236
HAR,9->18,0.3668,0.49319999999999997,0.12639999999999996,segmented,medium,0.5,compact_k5:4,segmented,,,,,,2.3523735859659674,1.3264120487877018,3.1202190200487774,0.05322965979576111,0.8707388296119742,0.052494906595883635,0.21809369325637817,0.10889644312483947,0.10523124515795128,0.13842723296996404,0.005631656385958195,global,0.9011515771235231
HHAR_SA,0->6,0.2516,0.35865,0.10705000000000003,global,medium,0.5,"compact_k3:2, compact_k5:1, noseg_global:1",noseg,,,,,,1.1786853710837752,3.441652979577581,4.056627198060354,0.1042264923453331,0.6814163736580628,0.03701408261497665,0.21286232769489288,0.04459037056997067,0.08426011581771749,0.11945148652862607,0.02610994130373001,global,0.902585142922598
HHAR_SA,1->6,0.8285,0.836075,0.007574999999999998,segmented,medium_high,0.75,"compact_k3:2, compact_k5:1, compact_k8:1",segmented,,,,,,5.029586167691615,1.3035460401376089,6.556302162011464,0.14328086376190186,0.9005820585382431,0.03291487209255699,0.2124183475971222,0.01964502735330483,0.036062027481129806,0.019483112936817103,-0.02682444266974926,global,1.0231553545132748
HHAR_SA,2->7,0.2494,0.46802499999999997,0.21862499999999996,segmented,medium,0.5,"compact_k5:3, compact_k3:1",segmented,,,,,,1.265765034899974,2.6868261931890465,3.400891915957133,0.06975091248750687,0.791549021436655,0.04860879040825021,0.21790508925914764,0.20541714461266428,0.1688219029757614,0.1694823310060949,0.04666037857532501,global,0.8951743433511631
HHAR_SA,3->8,0.8769,0.902175,0.025274999999999936,segmented,light,0.25,"compact_k5:2, intra_light_k5:1, compact_k8:1",segmented,,,,,,3.2921982983159697,1.3850364614752488,4.5598179737726845,0.27056607604026794,0.9868886282252279,0.07950434576572821,0.2252674698829651,0.0034504974879819936,0.10080367697888683,0.07468902570059072,0.000565676367841661,global,1.03242107303497
HHAR_SA,4->5,0.8528,0.834975,-0.01782499999999998,segmented,medium,0.5,"compact_k5:3, compact_k3:1",segmented,,,,,,3.6643976703007564,1.3199139855809134,4.836693398157755,0.22135068476200104,0.7569582948766702,0.03417198462814222,0.21394042670726776,0.15499410039250125,0.12846170299307022,0.17114803259024156,0.027210015803575516,global,1.069714456282578
remote,AT1->DK1,0.7483,0.8623,0.11399999999999999,segmented,medium,0.5,segmented_compact,segmented,1.0,0.05,0.02,0.2,0.0,1.1129449255712445,0.7847922733490122,0.8734316911962298,0.05703242868185043,0.8138980097084644,0.27300338552850123,0.28074440360069275,0.03977087220532164,0.07993103339576148,0.0949989405443905,0.12028800696134567,global,0.8866688795887676
remote,AT1->FR1,0.7143,0.723,0.00869999999999993,segmented,medium,0.5,segmented_compact,segmented,1.0,0.05,0.02,0.2,0.0,1.061995356097918,0.6249422261316795,0.6636868039766948,0.15731394290924072,0.6438482713939159,0.2961098517239105,0.3031611740589142,0.036776813151297605,0.09778068525414418,0.15681727836922943,-0.004658817313611507,global,0.9038039358862267
remote,AT1->FR2,0.6214,0.6323,0.01090000000000002,segmented,medium,0.5,segmented_compact,segmented,1.0,0.02,0.02,0.2,0.0,1.048825338917247,0.6337886612673174,0.6647346562809414,0.0657566487789154,0.7369516490955583,0.2000479002326214,0.26666656136512756,0.000652889970890849,0.0033059608409865514,0.10318166553185892,0.17362463474273682,global,0.8891801278697437
remote,DK1->AT1,0.6703,0.6816,0.011299999999999977,segmented,light,0.25,segmented_compact,segmented,1.0,0.05,0.005,0.0,0.0,0.6843496853400526,0.7024067125021247,0.4806924970312552,0.04521685466170311,0.7135732429522731,0.3770695453039268,0.31426554918289185,0.08373963080948597,0.1671606721360751,0.16667989215083984,0.11309429258108139,global,0.8804131154236527
remote,DK1->FR1,0.5683,0.6359,0.0676,dynamics,light,0.25,pointwise_dynamics,noseg,1.0,0.0,0.0,0.0,0.05,0.5221241968749346,0.8485158554103691,0.44303118166598404,0.08844929933547974,0.699443042740048,0.3307265986350648,0.28962522745132446,0.03728746932179052,0.10566398979573546,0.08601315589207989,-0.042095255106687546,global,0.8832373648958365
remote,DK1->FR2,0.4531,0.509,0.055900000000000005,segmented,medium,0.5,segmented_compact,segmented,1.0,0.05,0.02,0.2,0.0,0.5121793465976388,0.8364716731011868,0.4284240271557461,0.02849123254418373,0.5090856634353308,0.24325689761373437,0.28019577264785767,0.18307169301299028,0.21073793955025927,0.15466032658623013,0.096979521214962,global,0.8772274256660652
remote,FR1->AT1,0.8136,0.8211,0.007500000000000062,segmented,medium,0.5,segmented_compact,segmented,1.0,0.03,0.01,0.1,0.0,0.8692047757719523,0.4283570932166185,0.37233090036445193,0.1497134566307068,0.6867056719469709,0.3803872032488301,0.32630452513694763,0.03137801079707362,0.09622688423621847,0.1479766835796168,-0.02469358965754509,global,0.8970762434941586
remote,FR1->DK1,0.6581,0.6977,0.03959999999999997,segmented,medium,0.5,segmented_compact,segmented,1.0,0.02,0.02,0.2,0.0,0.8551328906500714,0.42376910826715175,0.36237975765358316,0.08883991837501526,0.7245859012678811,0.3936345197342759,0.31366121768951416,0.07170198178129754,0.13083175704205519,0.13210219244616642,-0.02955721877515316,global,0.8882816796113572
remote,FR1->FR2,0.7946,0.8101,0.01550000000000007,global,strong,1.0,global_compact,noseg,5.0,0.0,0.0,0.0,0.0,0.8208753013090113,0.425884553558717,0.3495989321006669,0.07185253500938416,0.6200982443248167,0.21919996924262916,0.2719438970088959,0.027302911996755563,0.050647938072045255,0.04818110056017758,0.00602901354432106,global,0.8855233167224282
remote,FR2->AT1,0.6545,0.6872,0.03270000000000006,segmented,medium,0.5,segmented_compact,segmented,1.0,0.05,0.02,0.2,0.0,0.896638005669001,0.5518820418074029,0.4948393099687316,0.1166762039065361,0.5632846845392868,0.4077474444239135,0.31553390622138977,0.04632868414691184,0.05615007248076984,0.11067889610009307,0.14329124987125397,global,0.8901097503592518
remote,FR2->DK1,0.5156,0.6862,0.17060000000000008,segmented,medium,0.5,segmented_compact,segmented,1.0,0.05,0.02,0.2,0.0,0.9127468443285972,0.5505809076785226,0.5025418987779906,0.05173978954553604,0.5807102970720971,0.2239414342763147,0.2739053964614868,0.12107614445679786,0.14100940212230248,0.10572521061741294,0.08727212995290756,global,0.8830131627443253
remote,FR2->FR1,0.6513,0.7957,0.14439999999999997,dynamics,light,0.25,global_trajectory,noseg,1.0,0.0,0.0,0.0,0.01,0.9168085781025379,0.5495706765941577,0.5038520273837176,0.07172630727291107,0.573612169700762,0.24123098135685755,0.28111332654953003,0.0468040082445811,0.08764284520484522,0.08839895869803385,-0.09770795702934265,global,0.8859085567965258
