task,source,target,distance_mode,partition,partition_description,class_count,common_points,mean_domain_distance,locality_peak_ratio,locality_top20_mass,temporal_variation_ratio,partition_compression,complexity_adjusted_compression,segment_contrast,boundary_mass_ratio,boundary_mass_fraction,source_dispersion_mean,target_dispersion_mean,domain_to_source_dispersion_ratio,diagnostic_hint,segment_sizes
FR1_to_FR2,france/30TXT/2017,france/31TCJ/2017,source_mad_l1,uniform:1,global,18,99,1.6115734540554523,2.761890591820767,0.3891869363180743,0.4703544176867396,0.0,0.0,0.0,0.0,0.0,1.9038069661351233,1.1962360221583086,0.8465004502673252,trajectory_dynamics_probe,[99]
FR1_to_FR2,france/30TXT/2017,france/31TCJ/2017,joint_z_l2,uniform:1,global,18,99,3.474341699340098,2.684413235810445,0.38169660648523085,0.4476079131127582,0.0,0.0,0.0,0.0,0.0,1.9038069661351233,1.1962360221583086,1.8249443148079676,trajectory_dynamics_probe,[99]
FR1_to_FR2,france/30TXT/2017,france/31TCJ/2017,source_mad_l1,uniform:2,uniform:2,18,99,1.6115734540554523,2.761890591820767,0.3891869363180743,0.4703544176867396,0.000646186232314272,0.0004569226667788074,0.014256387812579596,1.271387580438598,0.03852689637692721,1.9038069661351233,1.1962360221583086,0.8465004502673252,trajectory_dynamics_probe,"[50, 49]"
FR1_to_FR2,france/30TXT/2017,france/31TCJ/2017,joint_z_l2,uniform:2,uniform:2,18,99,3.474341699340098,2.684413235810445,0.38169660648523085,0.4476079131127582,0.00020328569989080947,0.00014374469691104478,0.007661124655601654,1.2323399226702727,0.03734363402031129,1.9038069661351233,1.1962360221583086,1.8249443148079676,trajectory_dynamics_probe,"[50, 49]"
FR1_to_FR2,france/30TXT/2017,france/31TCJ/2017,source_mad_l1,uniform:5,uniform:5,18,99,1.6115734540554523,2.761890591820767,0.3891869363180743,0.4703544176867396,0.12071129137255121,0.05398373063216168,0.19455907248176096,1.0198029123193681,0.12361247422052946,1.9038069661351233,1.1962360221583086,0.8465004502673252,trajectory_dynamics_probe,"[20, 20, 20, 20, 19]"
FR1_to_FR2,france/30TXT/2017,france/31TCJ/2017,joint_z_l2,uniform:5,uniform:5,18,99,3.474341699340098,2.684413235810445,0.38169660648523085,0.4476079131127582,0.1292540581437931,0.057804172075446324,0.1928651087425538,1.0026836577521059,0.12153741306086131,1.9038069661351233,1.1962360221583086,1.8249443148079676,trajectory_dynamics_probe,"[20, 20, 20, 20, 19]"
FR1_to_FR2,france/30TXT/2017,france/31TCJ/2017,source_mad_l1,uniform:10,uniform:10,18,99,1.6115734540554523,2.761890591820767,0.3891869363180743,0.4703544176867396,0.25044793214163175,0.07919859008468483,0.28446998678509455,1.01444881209497,0.2766678578440827,1.9038069661351233,1.1962360221583086,0.8465004502673252,trajectory_dynamics_probe,"[10, 10, 10, 10, 10, 10, 10, 10, 10, 9]"
FR1_to_FR2,france/30TXT/2017,france/31TCJ/2017,joint_z_l2,uniform:10,uniform:10,18,99,3.474341699340098,2.684413235810445,0.38169660648523085,0.4476079131127582,0.24903188283960653,0.07875079597733568,0.2713832834684018,1.0216741772900835,0.2786384119882046,1.9038069661351233,1.1962360221583086,1.8249443148079676,trajectory_dynamics_probe,"[10, 10, 10, 10, 10, 10, 10, 10, 10, 9]"
FR1_to_FR2,france/30TXT/2017,france/31TCJ/2017,source_mad_l1,doy_gap:5,"mode=doy_gap, segment_count=8, gap_threshold=45, min_points=3, max_points=8, max_span=120, intervals=[18,88], [91,128], [138,178], [183,213], [216,251], [253,291], [293,326], [328,361]",18,99,1.6115734540554523,2.761890591820767,0.3891869363180743,0.4703544176867396,0.17767021427056728,0.0628159066627925,0.21519109761018695,1.0190480036625025,0.21616169774659144,1.9038069661351233,1.1962360221583086,0.8465004502673252,trajectory_dynamics_probe,"[12, 10, 12, 9, 13, 15, 14, 12]"
FR1_to_FR2,france/30TXT/2017,france/31TCJ/2017,joint_z_l2,doy_gap:5,"mode=doy_gap, segment_count=8, gap_threshold=45, min_points=3, max_points=8, max_span=120, intervals=[18,88], [91,128], [138,178], [183,213], [216,251], [253,291], [293,326], [328,361]",18,99,3.474341699340098,2.684413235810445,0.38169660648523085,0.4476079131127582,0.1849051565517641,0.06537384503705627,0.21184783202452093,1.0286350875666204,0.21819532160504065,1.9038069661351233,1.1962360221583086,1.8249443148079676,trajectory_dynamics_probe,"[12, 10, 12, 9, 13, 15, 14, 12]"
FR2_to_FR1,france/31TCJ/2017,france/30TXT/2017,source_mad_l1,uniform:1,global,18,99,2.2119025044926346,2.843330846971231,0.3950244776747141,0.4796402051110747,0.0,0.0,0.0,0.0,0.0,1.6238330631316125,2.5625514759336756,1.3621489515842915,trajectory_dynamics_probe,[99]
FR2_to_FR1,france/31TCJ/2017,france/30TXT/2017,joint_z_l2,uniform:1,global,18,99,3.4743416993400977,2.684413235810446,0.3816966064852309,0.44760791311275827,0.0,0.0,0.0,0.0,0.0,1.6238330631316125,2.5625514759336756,2.1395929041127677,trajectory_dynamics_probe,[99]
FR2_to_FR1,france/31TCJ/2017,france/30TXT/2017,source_mad_l1,uniform:2,uniform:2,18,99,2.2119025044926346,2.843330846971231,0.3950244776747141,0.4796402051110747,4.4106422047551774e-05,3.1187950123699706e-05,0.0038434105584503817,1.2633032958349477,0.03828191805560448,1.6238330631316125,2.5625514759336756,1.3621489515842915,trajectory_dynamics_probe,"[50, 49]"
FR2_to_FR1,france/31TCJ/2017,france/30TXT/2017,joint_z_l2,uniform:2,uniform:2,18,99,3.4743416993400977,2.684413235810446,0.3816966064852309,0.44760791311275827,0.00020328569989069845,0.00014374469691096626,0.007661124655601655,1.2323399226702727,0.037343634020311295,1.6238330631316125,2.5625514759336756,2.1395929041127677,trajectory_dynamics_probe,"[50, 49]"
FR2_to_FR1,france/31TCJ/2017,france/30TXT/2017,source_mad_l1,uniform:5,uniform:5,18,99,2.2119025044926346,2.843330846971231,0.3950244776747141,0.4796402051110747,0.1307961613195956,0.05849382158132887,0.20896038631554073,1.008522787754586,0.12224518639449526,1.6238330631316125,2.5625514759336756,1.3621489515842915,trajectory_dynamics_probe,"[20, 20, 20, 20, 19]"
FR2_to_FR1,france/31TCJ/2017,france/30TXT/2017,joint_z_l2,uniform:5,uniform:5,18,99,3.4743416993400977,2.684413235810446,0.3816966064852309,0.44760791311275827,0.1292540581437932,0.05780417207544637,0.19286510874255383,1.0026836577521059,0.12153741306086134,1.6238330631316125,2.5625514759336756,2.1395929041127677,trajectory_dynamics_probe,"[20, 20, 20, 20, 19]"
FR2_to_FR1,france/31TCJ/2017,france/30TXT/2017,source_mad_l1,uniform:10,uniform:10,18,99,2.2119025044926346,2.843330846971231,0.3950244776747141,0.4796402051110747,0.2670900350440706,0.0844612851073454,0.3032501319833598,1.0117610768006857,0.27593483912745975,1.6238330631316125,2.5625514759336756,1.3621489515842915,trajectory_dynamics_probe,"[10, 10, 10, 10, 10, 10, 10, 10, 10, 9]"
FR2_to_FR1,france/31TCJ/2017,france/30TXT/2017,joint_z_l2,uniform:10,uniform:10,18,99,3.4743416993400977,2.684413235810446,0.3816966064852309,0.44760791311275827,0.24903188283960653,0.07875079597733568,0.2713832834684018,1.0216741772900837,0.27863841198820466,1.6238330631316125,2.5625514759336756,2.1395929041127677,trajectory_dynamics_probe,"[10, 10, 10, 10, 10, 10, 10, 10, 10, 9]"
FR2_to_FR1,france/31TCJ/2017,france/30TXT/2017,source_mad_l1,doy_gap:5,"mode=doy_gap, segment_count=8, gap_threshold=45, min_points=3, max_points=8, max_span=120, intervals=[25,85], [95,155], [165,215], [225,250], [255,280], [285,310], [315,335], [340,360]",18,99,2.2119025044926346,2.843330846971231,0.3950244776747141,0.4796402051110747,0.23233662821912537,0.08214340266588066,0.25098228808239775,0.9361685708322407,0.1985812119947177,1.6238330631316125,2.5625514759336756,1.3621489515842915,trajectory_dynamics_probe,"[11, 15, 15, 10, 8, 12, 10, 8]"
FR2_to_FR1,france/31TCJ/2017,france/30TXT/2017,joint_z_l2,doy_gap:5,"mode=doy_gap, segment_count=8, gap_threshold=45, min_points=3, max_points=8, max_span=120, intervals=[25,85], [95,155], [165,215], [225,250], [255,280], [285,310], [315,335], [340,360]",18,99,3.4743416993400977,2.684413235810446,0.3816966064852309,0.44760791311275827,0.2170504397364339,0.07673891889857724,0.22048523830690325,0.9577056028847373,0.2031496733391867,1.6238330631316125,2.5625514759336756,2.1395929041127677,trajectory_dynamics_probe,"[11, 15, 15, 10, 8, 12, 10, 8]"
DK1_to_FR1,denmark/32VNH/2017,france/30TXT/2017,source_mad_l1,uniform:1,global,16,112,1.8954917174464594,2.6692351540385992,0.3680995634338469,0.37833193360329676,0.0,0.0,0.0,0.0,0.0,2.6016480095433994,2.104716242560643,0.7285734697750779,trajectory_dynamics_probe,[112]
DK1_to_FR1,denmark/32VNH/2017,france/30TXT/2017,joint_z_l2,uniform:1,global,16,112,3.650422050658649,2.5384737851076906,0.35714157255865703,0.34847288929388226,0.0,0.0,0.0,0.0,0.0,2.6016480095433994,2.104716242560643,1.4031191142184196,coarse_or_global_compactness,[112]
DK1_to_FR1,denmark/32VNH/2017,france/30TXT/2017,source_mad_l1,uniform:2,uniform:2,16,112,1.8954917174464594,2.6692351540385992,0.3680995634338469,0.37833193360329676,0.03628594940876484,0.02565804088872961,0.09186763871745851,0.67353927727369,0.018041230641259554,2.6016480095433994,2.104716242560643,0.7285734697750779,trajectory_dynamics_probe,"[56, 56]"
DK1_to_FR1,denmark/32VNH/2017,france/30TXT/2017,joint_z_l2,uniform:2,uniform:2,16,112,3.650422050658649,2.5384737851076906,0.35714157255865703,0.34847288929388226,0.038050275888380614,0.026905608106692912,0.08743824225021445,0.7339047384084822,0.019658162635941487,2.6016480095433994,2.104716242560643,1.4031191142184196,coarse_or_global_compactness,"[56, 56]"
DK1_to_FR1,denmark/32VNH/2017,france/30TXT/2017,source_mad_l1,uniform:5,uniform:5,16,112,1.8954917174464594,2.6692351540385992,0.3680995634338469,0.37833193360329676,0.2176946105632862,0.09735598951097034,0.22475844881809834,1.0880577512666842,0.11657761620714475,2.6016480095433994,2.104716242560643,0.7285734697750779,trajectory_dynamics_probe,"[23, 23, 22, 22, 22]"
DK1_to_FR1,denmark/32VNH/2017,france/30TXT/2017,joint_z_l2,uniform:5,uniform:5,16,112,3.650422050658649,2.5384737851076906,0.35714157255865703,0.34847288929388226,0.20520001223317463,0.09176823526743337,0.20289883852050827,1.0739714556466249,0.11506837024785267,2.6016480095433994,2.104716242560643,1.4031191142184196,coarse_or_global_compactness,"[23, 23, 22, 22, 22]"
DK1_to_FR1,denmark/32VNH/2017,france/30TXT/2017,source_mad_l1,uniform:10,uniform:10,16,112,1.8954917174464594,2.6692351540385992,0.3680995634338469,0.37833193360329676,0.2774567684999216,0.08773953406898118,0.25517980066485024,0.973278630760323,0.23462966991543502,2.6016480095433994,2.104716242560643,0.7285734697750779,trajectory_dynamics_probe,"[12, 12, 11, 11, 11, 11, 11, 11, 11, 11]"
DK1_to_FR1,denmark/32VNH/2017,france/30TXT/2017,joint_z_l2,uniform:10,uniform:10,16,112,3.650422050658649,2.5384737851076906,0.35714157255865703,0.34847288929388226,0.26680820836703045,0.08437216368686104,0.2325436333708082,0.9788328573817566,0.23596863526167347,2.6016480095433994,2.104716242560643,1.4031191142184196,coarse_or_global_compactness,"[12, 12, 11, 11, 11, 11, 11, 11, 11, 11]"
DK1_to_FR1,denmark/32VNH/2017,france/30TXT/2017,source_mad_l1,doy_gap:5,"mode=doy_gap, segment_count=8, gap_threshold=45, min_points=3, max_points=8, max_span=120, intervals=[12,92], [112,152], [169,197], [199,229], [232,262], [267,297], [299,329], [332,362]",16,112,1.8954917174464594,2.6692351540385992,0.3680995634338469,0.37833193360329676,0.3196997567916612,0.1130309329855368,0.23021081679410088,0.965004544628951,0.18093835211792833,2.6016480095433994,2.104716242560643,0.7285734697750779,segmented_compactness,"[15, 12, 14, 9, 15, 12, 14, 10]"
DK1_to_FR1,denmark/32VNH/2017,france/30TXT/2017,joint_z_l2,doy_gap:5,"mode=doy_gap, segment_count=8, gap_threshold=45, min_points=3, max_points=8, max_span=120, intervals=[12,92], [112,152], [169,197], [199,229], [232,262], [267,297], [299,329], [332,362]",16,112,3.650422050658649,2.5384737851076906,0.35714157255865703,0.34847288929388226,0.30539624369909646,0.10797387743426526,0.21329882905809286,0.9709076855799903,0.18204519104624817,2.6016480095433994,2.104716242560643,1.4031191142184196,segmented_compactness,"[15, 12, 14, 9, 15, 12, 14, 10]"
